--
-- Script was generated by Devart dbForge Studio 2019 for SQL Server, Version 5.8.107.0
-- Product Home Page: http://www.devart.com/dbforge/sql/studio
-- Script date 12/17/2024 11:49:45 PM
-- Target server version: 14.00.1000
-- Target connection string: Encrypt=False;Integrated Security=False;User ID=sa
-- Please backup your target database before running this script
--



SET LANGUAGE 'English'
SET DATEFORMAT ymd
SET ARITHABORT, ANSI_PADDING, ANSI_WARNINGS, CONCAT_NULL_YIELDS_NULL, QUOTED_IDENTIFIER, ANSI_NULLS, NOCOUNT ON
SET NUMERIC_ROUNDABORT, IMPLICIT_TRANSACTIONS, XACT_ABORT OFF
GO

USE final
GO

IF DB_NAME() <> N'final' SET NOEXEC ON
GO
--
-- Delete data from the table 'dbo.voucher_customer'
--
TRUNCATE TABLE dbo.voucher_customer
GO
--
-- Delete data from the table 'dbo.tokens'
--
TRUNCATE TABLE dbo.tokens
GO
--
-- Delete data from the table 'dbo.product_detail_image'
--
TRUNCATE TABLE dbo.product_detail_image
GO
--
-- Delete data from the table 'dbo.order_detail'
--
TRUNCATE TABLE dbo.order_detail
GO
--
-- Delete data from the table 'dbo.history'
--
TRUNCATE TABLE dbo.history
GO
--
-- Delete data from the table 'dbo.event_product'
--
TRUNCATE TABLE dbo.event_product
GO
--
-- Delete data from the table 'dbo.cart_detail'
--
TRUNCATE TABLE dbo.cart_detail
GO
--
-- Delete data from the table 'dbo.address'
--
TRUNCATE TABLE dbo.address
GO
--
-- Delete data from the table 'dbo.orders'
--
DELETE dbo.orders
GO
--
-- Delete data from the table 'dbo.cart'
--
DELETE dbo.cart
GO
--
-- Delete data from the table 'dbo.staff'
--
DELETE dbo.staff
GO
--
-- Delete data from the table 'dbo.customer'
--
DELETE dbo.customer
GO
--
-- Delete data from the table 'dbo.product_detail'
--
DELETE dbo.product_detail
GO
--
-- Delete data from the table 'dbo.account'
--
DELETE dbo.account
GO
--
-- Delete data from the table 'dbo.voucher'
--
DELETE dbo.voucher
GO
--
-- Delete data from the table 'dbo.thickness'
--
DELETE dbo.thickness
GO
--
-- Delete data from the table 'dbo.texture'
--
DELETE dbo.texture
GO
--
-- Delete data from the table 'dbo.style'
--
DELETE dbo.style
GO
--
-- Delete data from the table 'dbo.sleeve'
--
DELETE dbo.sleeve
GO
--
-- Delete data from the table 'dbo.size'
--
DELETE dbo.size
GO
--
-- Delete data from the table 'dbo.role'
--
DELETE dbo.role
GO
--
-- Delete data from the table 'dbo.product'
--
DELETE dbo.product
GO
--
-- Delete data from the table 'dbo.origin'
--
DELETE dbo.origin
GO
--
-- Delete data from the table 'dbo.material'
--
DELETE dbo.material
GO
--
-- Delete data from the table 'dbo.image'
--
DELETE dbo.image
GO
--
-- Delete data from the table 'dbo.event'
--
DELETE dbo.event
GO
--
-- Delete data from the table 'dbo.elasticity'
--
DELETE dbo.elasticity
GO
--
-- Delete data from the table 'dbo.color'
--
DELETE dbo.color
GO
--
-- Delete data from the table 'dbo.collar'
--
DELETE dbo.collar
GO
--
-- Delete data from the table 'dbo.brand'
--
DELETE dbo.brand
GO

--
-- Inserting data into table dbo.brand
--
SET IDENTITY_INSERT dbo.brand ON
GO
INSERT dbo.brand(id, deleted, created_date, updated_date, code, name) VALUES (1, 0, '1985-07-21 06:04:52.0050000', '2001-02-23 10:17:40.4610000', 'JWAVX', N'Diesel')
INSERT dbo.brand(id, deleted, created_date, updated_date, code, name) VALUES (2, 0, '1996-10-12 08:00:59.4300000', '1993-09-07 17:29:42.1060000', 'QOSFU', N'BananaRepublic')
INSERT dbo.brand(id, deleted, created_date, updated_date, code, name) VALUES (3, 0, '1982-10-03 16:26:49.2190000', '1997-09-07 14:15:19.0070000', 'TFWIC', N'Armani')
INSERT dbo.brand(id, deleted, created_date, updated_date, code, name) VALUES (4, 0, '2007-02-12 00:39:21.3030000', '1978-06-12 09:42:43.9420000', 'IUHRO', N'CalvinKlein')
INSERT dbo.brand(id, deleted, created_date, updated_date, code, name) VALUES (5, 0, '2015-12-14 02:03:04.5320000', '1998-05-15 02:08:08.5120000', 'BKRBN', N'Express')
GO
SET IDENTITY_INSERT dbo.brand OFF
GO

--
-- Inserting data into table dbo.collar
--
SET IDENTITY_INSERT dbo.collar ON
GO
INSERT dbo.collar(id, deleted, created_date, updated_date, code, name) VALUES (1, 0, '1994-09-05 04:41:32.2740000', '2014-01-07 06:25:09.4000000', 'XFIEM', N'Cổ V')
INSERT dbo.collar(id, deleted, created_date, updated_date, code, name) VALUES (2, 0, '1978-04-28 20:31:53.9830000', '1976-07-31 15:40:00.7880000', 'VWSXI', N'Cổ bẻ')
INSERT dbo.collar(id, deleted, created_date, updated_date, code, name) VALUES (3, 0, '1970-12-30 18:20:05.2820000', '2021-04-08 05:39:19.0020000', 'BXNDG', N'Cổ áo sơ mi')
INSERT dbo.collar(id, deleted, created_date, updated_date, code, name) VALUES (4, 0, '2023-08-01 12:15:06.8280000', '2016-03-03 06:54:12.4050000', 'ECFIH', N'Cổ đổ')
INSERT dbo.collar(id, deleted, created_date, updated_date, code, name) VALUES (5, 0, '1985-05-16 00:11:39.1500000', '1989-08-14 14:40:33.7390000', 'XCMXH', N'Cổ lapel')
GO
SET IDENTITY_INSERT dbo.collar OFF
GO

--
-- Inserting data into table dbo.color
--
SET IDENTITY_INSERT dbo.color ON
GO
INSERT dbo.color(id, deleted, created_date, updated_date, code, name) VALUES (1, 0, '1980-08-31 21:43:06.4100000', '1994-02-13 15:50:10.0030000', 'QKBUJ', N'Đen')
INSERT dbo.color(id, deleted, created_date, updated_date, code, name) VALUES (2, 0, '2015-02-03 08:11:04.1120000', '1992-11-17 20:34:14.2590000', 'IDADM', N'Cam')
INSERT dbo.color(id, deleted, created_date, updated_date, code, name) VALUES (3, 0, '1984-05-27 05:27:39.0920000', '1983-12-28 14:08:45.5380000', 'ORTAN', N'Trắng')
INSERT dbo.color(id, deleted, created_date, updated_date, code, name) VALUES (4, 0, '1978-10-15 03:04:31.1810000', '2023-02-14 11:01:29.2640000', 'RFOHD', N'Xám')
INSERT dbo.color(id, deleted, created_date, updated_date, code, name) VALUES (5, 0, '2002-11-18 09:22:17.2990000', '1985-11-24 05:40:20.3500000', 'NWWEL', N'Vàng')
GO
SET IDENTITY_INSERT dbo.color OFF
GO

--
-- Inserting data into table dbo.elasticity
--
SET IDENTITY_INSERT dbo.elasticity ON
GO
INSERT dbo.elasticity(id, deleted, created_date, updated_date, code, name) VALUES (1, 0, '2001-08-29 17:12:28.9050000', '2023-01-28 08:30:25.4980000', 'YHLYV', N'Co giãn cao')
INSERT dbo.elasticity(id, deleted, created_date, updated_date, code, name) VALUES (2, 0, '1985-06-07 22:57:56.4370000', '2017-12-27 11:21:05.4700000', 'NAFBF', N'Co giãn siêu thấp')
INSERT dbo.elasticity(id, deleted, created_date, updated_date, code, name) VALUES (3, 0, '1984-06-04 00:08:31.8360000', '1988-01-05 07:29:00.0610000', 'DVXBI', N'Không co giãn')
INSERT dbo.elasticity(id, deleted, created_date, updated_date, code, name) VALUES (4, 0, '2001-07-13 12:31:11.0260000', '1999-02-17 04:05:41.2020000', 'IHYAL', N'Co giãn thấp')
INSERT dbo.elasticity(id, deleted, created_date, updated_date, code, name) VALUES (5, 0, '2000-04-15 14:57:54.0500000', '1979-08-25 19:33:22.0070000', 'GMFXG', N'Co giãn cực cao')
GO
SET IDENTITY_INSERT dbo.elasticity OFF
GO

--
-- Inserting data into table dbo.event
--
SET IDENTITY_INSERT dbo.event ON
GO
INSERT dbo.event(id, discount_percent, quantity_discount, created_date, end_date, start_date, updated_date, discount_code, name, status) VALUES (1, 8, 5, '2023-03-04 01:02:35.5200000', '2025-10-31 18:18:11.9420000', '1978-12-23 11:44:51.8880000', '1990-08-31 22:23:08.9420000', 'LHJOX', N'Tết Nguyên Đán', N'1JAES702ASC8Q63SLJ7384K2604')
GO
SET IDENTITY_INSERT dbo.event OFF
GO

--
-- Inserting data into table dbo.image
--
SET IDENTITY_INSERT dbo.image ON
GO
INSERT dbo.image(id, deleted, created_date, updated_date, code, url) VALUES (1, 1, '1973-09-15 23:47:00.8880000', '1989-03-27 07:28:24.9930000', 'XTWPI', 'https://int.bape.com/cdn/shop/files/0ZXTEMX10002LBKX-pdp-1.jpg?v=1730442539&width=700')
INSERT dbo.image(id, deleted, created_date, updated_date, code, url) VALUES (2, 0, '2008-05-26 03:39:03.0750000', '1986-04-04 12:33:36.6700000', 'LHEGH', 'https://int.bape.com/cdn/shop/files/0ZXTEMX09001LBKX-pdp-1.jpg?v=1730442538&width=1200')
INSERT dbo.image(id, deleted, created_date, updated_date, code, url) VALUES (3, 0, '1986-07-09 08:23:44.7790000', '1986-03-05 13:36:14.7370000', 'LUQBK', 'https://int.bape.com/cdn/shop/files/0ZXTEMS00014KBKX-pdp-1.jpg?v=1730442530&width=1200')
INSERT dbo.image(id, deleted, created_date, updated_date, code, url) VALUES (4, 0, '1971-09-21 04:35:00.0300000', '2016-01-21 12:31:59.5610000', 'JZNXZ', 'https://bizweb.dktcdn.net/100/415/697/products/img-7825-1.jpg?v=1721183882410')
INSERT dbo.image(id, deleted, created_date, updated_date, code, url) VALUES (5, 1, '1999-08-06 10:35:21.0260000', '1982-08-12 06:53:24.2840000', 'HWPDI', 'https://int.bape.com/cdn/shop/files/0ZXTEM110049NBKX-pdp-1.jpg?v=1725871608&width=1200')
INSERT dbo.image(id, deleted, created_date, updated_date, code, url) VALUES (6, 1, '2007-09-24 13:29:34.0020000', '2014-11-13 10:45:49.0080000', 'QGJVN', 'https://int.bape.com/cdn/shop/files/AAPTEM1556XANWH2-pdp-1.jpg?v=1730695693&width=1200')
INSERT dbo.image(id, deleted, created_date, updated_date, code, url) VALUES (7, 0, '2013-12-23 19:57:57.7770000', '1991-10-18 23:56:14.6780000', 'QLTBG', 'https://bizweb.dktcdn.net/100/415/697/products/img-1345-1.jpg?v=1723274197627')
INSERT dbo.image(id, deleted, created_date, updated_date, code, url) VALUES (8, 1, '1976-11-17 19:17:02.6910000', '1975-12-25 09:39:06.8360000', 'BJPJP', 'https://static.zara.net/assets/public/147f/47b0/347244b7adc5/315fb9ae5644/01887460401-e1/01887460401-e1.jpg?ts=1727185906508&w=750')
INSERT dbo.image(id, deleted, created_date, updated_date, code, url) VALUES (9, 1, '1991-01-01 17:20:54.4470000', '1999-07-11 22:25:27.2360000', 'DLNHM', 'https://bizweb.dktcdn.net/100/415/697/products/img-2069-1.jpg?v=1724056536197')
GO
SET IDENTITY_INSERT dbo.image OFF
GO

--
-- Inserting data into table dbo.material
--
SET IDENTITY_INSERT dbo.material ON
GO
INSERT dbo.material(id, deleted, created_date, updated_date, code, name) VALUES (1, 0, '2008-07-29 09:12:01.4910000', '1975-04-17 21:01:22.0040000', 'JUDMB', N'Vải Satin')
INSERT dbo.material(id, deleted, created_date, updated_date, code, name) VALUES (2, 0, '2020-12-14 11:02:29.8560000', '2001-07-23 19:24:00.7850000', 'WMOHG', N'Linen')
INSERT dbo.material(id, deleted, created_date, updated_date, code, name) VALUES (3, 0, '2017-04-07 01:56:02.3220000', '1999-11-23 08:00:13.5560000', 'BHZHI', N'Rayon')
INSERT dbo.material(id, deleted, created_date, updated_date, code, name) VALUES (4, 0, '2007-05-16 04:00:16.0120000', '2009-02-23 19:05:02.0260000', 'FLMET', N'Wool')
INSERT dbo.material(id, deleted, created_date, updated_date, code, name) VALUES (5, 0, '1991-04-23 11:06:44.1340000', '1997-08-26 20:55:06.6950000', 'AXEQF', N'Cotton')
GO
SET IDENTITY_INSERT dbo.material OFF
GO

--
-- Inserting data into table dbo.origin
--
SET IDENTITY_INSERT dbo.origin ON
GO
INSERT dbo.origin(id, deleted, created_date, updated_date, code, name) VALUES (1, 0, '1982-04-11 09:32:18.1080000', '2003-10-04 21:21:39.4810000', 'ZOFBD', N'Trung')
INSERT dbo.origin(id, deleted, created_date, updated_date, code, name) VALUES (2, 0, '1977-03-20 00:18:22.8620000', '2014-05-01 03:01:51.7800000', 'CZKOL', N'Hàn Quốc')
INSERT dbo.origin(id, deleted, created_date, updated_date, code, name) VALUES (3, 0, '2012-03-16 00:08:50.3630000', '1991-08-16 22:44:14.4770000', 'KQCXT', N'Mỹ')
INSERT dbo.origin(id, deleted, created_date, updated_date, code, name) VALUES (4, 0, '2023-08-17 16:30:50.4030000', '2004-07-07 02:07:23.2940000', 'GPJBX', N'Ấn độ')
INSERT dbo.origin(id, deleted, created_date, updated_date, code, name) VALUES (5, 0, '1971-05-07 03:29:19.3830000', '2011-02-26 00:16:33.2690000', 'WLTRB', N'Việt Nam')
GO
SET IDENTITY_INSERT dbo.origin OFF
GO

--
-- Inserting data into table dbo.product
--
SET IDENTITY_INSERT dbo.product ON
GO
INSERT dbo.product(id, deleted, created_date, updated_date, code, description, name) VALUES (1, 0, '2024-06-17 09:05:58.5180000', '1975-10-22 03:56:11.0010000', 'JNXCP', N'Áo phông dáng croptop nữ - Thời trang hiện đại, khoe vòng eo thon gọn', N'Áo phông tay lỡ nam')
INSERT dbo.product(id, deleted, created_date, updated_date, code, description, name) VALUES (2, 0, '2024-03-08 10:25:26.4700000', '2012-06-28 07:41:48.0270000', 'HQUJC', N'Áo phông tay lỡ nam - Phong cách đường phố, phù hợp giới trẻ', N'Áo phông dáng croptop nữ')
INSERT dbo.product(id, deleted, created_date, updated_date, code, description, name) VALUES (3, 0, '2024-08-27 01:54:27.3270000', '2000-09-26 15:49:43.7150000', 'GXKLH', N'Áo phông oversize - Phong cách năng động, thoải mái khi mặc', N'Áo phông basic trơn')
INSERT dbo.product(id, deleted, created_date, updated_date, code, description, name) VALUES (4, 0, '2024-08-18 19:16:05.4790000', '1996-12-23 06:50:34.0710000', 'HBFEP', N'Áo phông thể thao nam - Chất liệu thoáng mát, phù hợp tập luyện', N'Áo phông cổ bẻ nữ')
INSERT dbo.product(id, deleted, created_date, updated_date, code, description, name) VALUES (5, 0, '2024-04-25 23:06:03.7150000', '2014-07-14 06:20:13.2110000', 'DLTUL', N'Áo phông basic trơn - Mẫu áo cơ bản, dễ phối đồ', N'Áo phông in hình họa tiết')
INSERT dbo.product(id, deleted, created_date, updated_date, code, description, name) VALUES (6, 0, '2024-03-20 15:31:08.0120000', '2019-04-07 14:03:13.0870000', 'SZTQV', N'Áo phông in hình họa tiết - Nổi bật với hình in độc đáo, trẻ trung', N'Áo phông cổ tròn nam')
INSERT dbo.product(id, deleted, created_date, updated_date, code, description, name) VALUES (7, 0, '2024-05-13 11:14:38.9480000', '2006-10-27 23:05:04.3110000', 'MJMZE', N'Áo phông cổ tròn nam - Thiết kế đơn giản, phù hợp mọi phong cách', N'Áo phông cổ tim nữ')
INSERT dbo.product(id, deleted, created_date, updated_date, code, description, name) VALUES (8, 0, '2024-04-07 14:38:52.1230000', '2016-12-10 15:12:11.0090000', 'HJGCE', N'Áo phông unisex - Thiết kế phù hợp cho cả nam và nữ', N'Áo phông thể thao nam')
GO
SET IDENTITY_INSERT dbo.product OFF
GO

--
-- Inserting data into table dbo.role
--
SET IDENTITY_INSERT dbo.role ON
GO
INSERT dbo.role(id, created_date, updated_date, code, name) VALUES (1, '1977-11-26 08:05:21.9410000', '1997-03-05 13:17:33.0500000', 'ROLE_ADMIN', N'ROLE_ADMIN')
INSERT dbo.role(id, created_date, updated_date, code, name) VALUES (2, '1981-12-29 11:41:24.1980000', '1997-04-24 14:23:44.8440000', 'ROLE_STAFF', N'ROLE_STAFF')
INSERT dbo.role(id, created_date, updated_date, code, name) VALUES (3, '2012-03-12 15:02:38.7350000', '1998-07-02 21:13:19.7740000', 'ROLE_USER
', N'ROLE_USER')
GO
SET IDENTITY_INSERT dbo.role OFF
GO

--
-- Inserting data into table dbo.size
--
SET IDENTITY_INSERT dbo.size ON
GO
INSERT dbo.size(id, deleted, created_date, updated_date, code, name) VALUES (1, 0, '2018-08-29 01:06:54.0050000', '1983-03-27 02:50:31.1410000', 'XMUPK', N'L')
INSERT dbo.size(id, deleted, created_date, updated_date, code, name) VALUES (2, 0, '1994-04-19 22:15:43.7180000', '2009-11-12 21:47:10.5860000', 'UWLIR', N'S')
INSERT dbo.size(id, deleted, created_date, updated_date, code, name) VALUES (3, 0, '1983-04-10 14:16:10.7550000', '1995-07-15 04:29:47.0130000', 'DPXFJ', N'XL')
INSERT dbo.size(id, deleted, created_date, updated_date, code, name) VALUES (4, 0, '1992-05-14 20:40:31.1600000', '2000-02-07 15:53:14.0910000', 'VEYLO', N'M')
GO
SET IDENTITY_INSERT dbo.size OFF
GO

--
-- Inserting data into table dbo.sleeve
--
SET IDENTITY_INSERT dbo.sleeve ON
GO
INSERT dbo.sleeve(id, deleted, created_date, updated_date, code, name) VALUES (1, 0, '2004-09-18 14:39:52.0870000', '2018-03-03 08:46:55.0840000', 'QUIAH', N'Tay lỡ')
INSERT dbo.sleeve(id, deleted, created_date, updated_date, code, name) VALUES (2, 0, '1987-09-22 06:41:43.0070000', '2011-05-20 11:28:17.7920000', 'NSGQD', N'Tay lỡ Kimono')
INSERT dbo.sleeve(id, deleted, created_date, updated_date, code, name) VALUES (3, 0, '2011-04-29 20:06:48.0010000', '1981-01-09 20:28:11.4190000', 'TAGPI', N'Tay bồng')
INSERT dbo.sleeve(id, deleted, created_date, updated_date, code, name) VALUES (4, 0, '1987-02-25 04:57:16.9040000', '1993-10-24 19:13:15.2060000', 'VZTTA', N'Tay ngắn')
INSERT dbo.sleeve(id, deleted, created_date, updated_date, code, name) VALUES (5, 0, '1991-12-19 04:58:14.0290000', '2018-04-13 07:37:41.7550000', 'WUATL', N'Tay dài')
GO
SET IDENTITY_INSERT dbo.sleeve OFF
GO

--
-- Inserting data into table dbo.style
--
SET IDENTITY_INSERT dbo.style ON
GO
INSERT dbo.style(id, deleted, created_date, updated_date, code, name) VALUES (1, 0, '1978-05-07 18:28:46.1310000', '1991-10-20 12:35:49.6290000', 'EBXMC', N'Kiểu dáng thể thao')
INSERT dbo.style(id, deleted, created_date, updated_date, code, name) VALUES (2, 0, '2003-03-30 13:46:32.4820000', '1981-01-12 02:09:42.1440000', 'MXJFS', N'Kiểu dáng cổ điển')
INSERT dbo.style(id, deleted, created_date, updated_date, code, name) VALUES (3, 0, '2013-01-14 22:52:08.8940000', '2003-03-12 20:14:55.9400000', 'YHTLZ', N'Kiểu dáng hiện đại')
INSERT dbo.style(id, deleted, created_date, updated_date, code, name) VALUES (4, 0, '2023-03-29 15:31:24.9630000', '1997-03-06 12:46:45.9720000', 'JSHGW', N'Kiểu dáng Vintage')
GO
SET IDENTITY_INSERT dbo.style OFF
GO

--
-- Inserting data into table dbo.texture
--
SET IDENTITY_INSERT dbo.texture ON
GO
INSERT dbo.texture(id, deleted, created_date, updated_date, code, name) VALUES (1, 0, '2013-04-14 00:25:10.0000000', '1977-11-10 02:08:47.6800000', 'JRFTS', N'Mịn')
INSERT dbo.texture(id, deleted, created_date, updated_date, code, name) VALUES (2, 0, '2005-03-25 10:33:31.0340000', '1993-08-27 06:04:31.2390000', 'TYTHP', N'Hạt')
INSERT dbo.texture(id, deleted, created_date, updated_date, code, name) VALUES (3, 0, '1991-08-05 13:26:59.0060000', '2000-03-24 03:31:23.3440000', 'LKEKN', N'Nhám')
INSERT dbo.texture(id, deleted, created_date, updated_date, code, name) VALUES (4, 0, '2014-03-22 16:25:15.3410000', '1982-04-10 08:48:40.5860000', 'ASJDA', N'Mềm mại')
INSERT dbo.texture(id, deleted, created_date, updated_date, code, name) VALUES (5, 0, '2004-02-12 15:57:29.0750000', '1992-01-22 01:00:51.7400000', 'LMWZM', N'Sọc')
INSERT dbo.texture(id, deleted, created_date, updated_date, code, name) VALUES (6, 0, '2024-05-09 03:37:27.6420000', '1988-06-25 14:28:28.9920000', 'VVOXF', N'Mịn màng')
INSERT dbo.texture(id, deleted, created_date, updated_date, code, name) VALUES (7, 0, '2004-11-29 19:23:40.0560000', '1976-03-21 17:25:05.9490000', 'KJIFR', N'Lì')
GO
SET IDENTITY_INSERT dbo.texture OFF
GO

--
-- Inserting data into table dbo.thickness
--
SET IDENTITY_INSERT dbo.thickness ON
GO
INSERT dbo.thickness(id, deleted, created_date, updated_date, code, name) VALUES (1, 0, '1999-04-10 17:26:44.1780000', '2018-08-12 19:10:20.0430000', 'CXCTZ', N'Rất mỏng')
INSERT dbo.thickness(id, deleted, created_date, updated_date, code, name) VALUES (2, 0, '1971-06-11 18:27:40.1870000', '2024-07-10 06:23:13.5360000', 'IIKLH', N'Mỏng')
INSERT dbo.thickness(id, deleted, created_date, updated_date, code, name) VALUES (3, 0, '2005-10-08 16:20:25.2380000', '1994-09-24 13:29:05.0440000', 'IRSPH', N'Rất dày')
INSERT dbo.thickness(id, deleted, created_date, updated_date, code, name) VALUES (4, 0, '1977-09-24 00:22:11.1170000', '1998-05-31 00:06:36.5080000', 'UQSQB', N'Dày')
INSERT dbo.thickness(id, deleted, created_date, updated_date, code, name) VALUES (5, 0, '2023-12-14 13:42:20.6280000', '2009-05-15 13:06:34.2970000', 'NRSCK', N'Vừa phải')
GO
SET IDENTITY_INSERT dbo.thickness OFF
GO

--
-- Inserting data into table dbo.voucher
--
SET IDENTITY_INSERT dbo.voucher ON
GO
INSERT dbo.voucher(id, deleted, max_percent, min_amount, quantity, created_date, end_date, start_date, updated_date, code, name, status, type_ticket) VALUES (1, 0, 10, 50000, 49, '1985-05-01 06:59:41.0700000', '2025-10-20 19:22:40.7750000', '2012-09-04 22:28:32.6190000', '2004-09-02 08:43:18.1750000', 'VSSHK', N'Giảm giá 10% đơn tối thiểu 100k', 'In progress', 'Individual')
INSERT dbo.voucher(id, deleted, max_percent, min_amount, quantity, created_date, end_date, start_date, updated_date, code, name, status, type_ticket) VALUES (2, 0, 5, 100000, 44, '1983-12-31 01:51:06.0700000', '2025-04-21 05:04:00.8730000', '2016-05-23 00:32:04.1070000', '2018-10-05 20:51:22.9170000', 'YLWQC', N'Giảm giá 5% đơn tối thiểu 50k', 'In progress', 'Everybody')
GO
SET IDENTITY_INSERT dbo.voucher OFF
GO

--
-- Inserting data into table dbo.account
--
SET IDENTITY_INSERT dbo.account ON
GO
INSERT dbo.account(id, enabled, role_id, created_date, updated_date, password, provider, social_id, status, username) VALUES (1, 1, 3, '1983-11-06 17:27:49.3190000', '2011-04-19 10:37:03.9120000', 'RMJelfmTrQMhVGTTUaUW5A==', '80460', '94630', '00A848KWUQ74', 'Letha241')
GO
SET IDENTITY_INSERT dbo.account OFF
GO

--
-- Inserting data into table dbo.product_detail
--
SET IDENTITY_INSERT dbo.product_detail ON
GO
INSERT dbo.product_detail(id, brand_id, collar_id, color_id, deleted, elasticity_id, mass, material_id, origin_id, price, product_id, quantity, size_id, sleeve_id, style_id, texture_id, thickness_id, created_date, updated_date, code) VALUES (1, 5, 5, 4, 0, 4, 920, 2, 2, 50000, 7, 22, 2, 1, 1, 5, 4, '1995-01-29 09:08:23.4740000', '2016-07-23 20:57:44.0670000', 'CSNOM')
INSERT dbo.product_detail(id, brand_id, collar_id, color_id, deleted, elasticity_id, mass, material_id, origin_id, price, product_id, quantity, size_id, sleeve_id, style_id, texture_id, thickness_id, created_date, updated_date, code) VALUES (2, 2, 1, 3, 0, 3, 311, 3, 3, 70000, 2, 22, 1, 2, 3, 2, 2, '2017-04-18 02:43:16.0130000', '1995-02-25 11:37:48.6480000', 'NPCBU')
INSERT dbo.product_detail(id, brand_id, collar_id, color_id, deleted, elasticity_id, mass, material_id, origin_id, price, product_id, quantity, size_id, sleeve_id, style_id, texture_id, thickness_id, created_date, updated_date, code) VALUES (3, 5, 1, 4, 0, 3, 6, 5, 1, 90000, 8, 30, 2, 4, 1, 6, 1, '1989-03-09 08:59:03.0020000', '1990-10-27 10:47:19.2720000', 'XHDID')
INSERT dbo.product_detail(id, brand_id, collar_id, color_id, deleted, elasticity_id, mass, material_id, origin_id, price, product_id, quantity, size_id, sleeve_id, style_id, texture_id, thickness_id, created_date, updated_date, code) VALUES (4, 2, 4, 1, 0, 3, 785, 3, 1, 110000, 7, 7, 2, 3, 4, 7, 3, '1982-10-13 19:29:42.9710000', '2012-06-03 04:07:21.1760000', 'INVRN')
INSERT dbo.product_detail(id, brand_id, collar_id, color_id, deleted, elasticity_id, mass, material_id, origin_id, price, product_id, quantity, size_id, sleeve_id, style_id, texture_id, thickness_id, created_date, updated_date, code) VALUES (5, 3, 4, 2, 0, 2, 470, 3, 2, 130000, 8, 49, 4, 3, 1, 4, 2, '2015-01-22 05:03:27.0020000', '1993-01-09 13:01:28.1610000', 'VENLB')
INSERT dbo.product_detail(id, brand_id, collar_id, color_id, deleted, elasticity_id, mass, material_id, origin_id, price, product_id, quantity, size_id, sleeve_id, style_id, texture_id, thickness_id, created_date, updated_date, code) VALUES (6, 1, 2, 2, 0, 1, 738, 2, 1, 150000, 7, 31, 1, 4, 4, 4, 2, '2017-10-30 19:42:29.1460000', '2013-12-07 09:31:00.9870000', 'EXKWV')
INSERT dbo.product_detail(id, brand_id, collar_id, color_id, deleted, elasticity_id, mass, material_id, origin_id, price, product_id, quantity, size_id, sleeve_id, style_id, texture_id, thickness_id, created_date, updated_date, code) VALUES (7, 3, 1, 4, 0, 1, 761, 5, 3, 170000, 8, 87, 3, 3, 1, 6, 1, '2011-08-16 16:32:53.6160000', '1982-10-05 19:18:45.0350000', 'HFXRG')
INSERT dbo.product_detail(id, brand_id, collar_id, color_id, deleted, elasticity_id, mass, material_id, origin_id, price, product_id, quantity, size_id, sleeve_id, style_id, texture_id, thickness_id, created_date, updated_date, code) VALUES (8, 4, 2, 4, 0, 4, 516, 3, 2, 190000, 3, 38, 2, 4, 4, 4, 1, '1973-03-14 05:57:30.0000000', '2012-06-26 15:30:36.9790000', 'GXLGO')
INSERT dbo.product_detail(id, brand_id, collar_id, color_id, deleted, elasticity_id, mass, material_id, origin_id, price, product_id, quantity, size_id, sleeve_id, style_id, texture_id, thickness_id, created_date, updated_date, code) VALUES (9, 1, 1, 4, 0, 2, 752, 2, 4, 210000, 7, 2, 1, 1, 3, 6, 3, '1988-12-08 10:54:23.4660000', '1999-10-13 02:29:08.7830000', 'YHQBX')
INSERT dbo.product_detail(id, brand_id, collar_id, color_id, deleted, elasticity_id, mass, material_id, origin_id, price, product_id, quantity, size_id, sleeve_id, style_id, texture_id, thickness_id, created_date, updated_date, code) VALUES (10, 1, 1, 2, 0, 3, 294, 2, 1, 230000, 8, 93, 4, 3, 1, 7, 1, '1992-10-20 20:29:46.4470000', '1977-05-16 20:07:54.8680000', 'BTVUA')
INSERT dbo.product_detail(id, brand_id, collar_id, color_id, deleted, elasticity_id, mass, material_id, origin_id, price, product_id, quantity, size_id, sleeve_id, style_id, texture_id, thickness_id, created_date, updated_date, code) VALUES (11, 2, 1, 3, 0, 4, 316, 4, 3, 250000, 2, 1, 3, 4, 2, 1, 4, '1990-10-25 17:49:40.9550000', '2006-01-23 21:34:06.0760000', 'AGECA')
INSERT dbo.product_detail(id, brand_id, collar_id, color_id, deleted, elasticity_id, mass, material_id, origin_id, price, product_id, quantity, size_id, sleeve_id, style_id, texture_id, thickness_id, created_date, updated_date, code) VALUES (12, 4, 3, 1, 0, 4, 68, 1, 2, 270000, 6, 37, 2, 2, 4, 2, 1, '1983-09-05 22:29:15.3850000', '2021-06-16 14:08:51.2390000', 'MYOJN')
GO
SET IDENTITY_INSERT dbo.product_detail OFF
GO

--
-- Inserting data into table dbo.customer
--
SET IDENTITY_INSERT dbo.customer ON
GO
INSERT dbo.customer(id, account_id, birth_date, deleted, created_date, updated_date, code, email, gender, name, phone, status) VALUES (1, 1, '1982-10-26', 1, '2015-08-09 03:39:31.9490000', '1982-04-27 15:28:52.0170000', 'VGFND', N'KoryBurton@nowhere.com', N'Nữ', N'Phan Nhật Minh', '(232) 985-2186', 'Active')
GO
SET IDENTITY_INSERT dbo.customer OFF
GO

--
-- Inserting data into table dbo.staff
--
SET IDENTITY_INSERT dbo.staff ON
GO
INSERT dbo.staff(id, account_id, birth_day, deleted, gender, created_date, updated_date, address, citizen_id, code, district, email, name, note, phone, province, status, ward) VALUES (1, 1, '2019-03-17', 0, 1, '1984-10-26 00:04:53.0430000', '2004-02-28 01:48:29.6360000', N'50 Trường Chinh, Tân Bình, TP. Hồ Chí Minh', '93282', 'VZMKE', N'DE-JF', 'LienGilman55@nowhere.com', N'Bùi Bảo Long', N'QPZCX', '(956) 070-9551', N'XFDVE', 'JXNJA', N'JGQEP')
GO
SET IDENTITY_INSERT dbo.staff OFF
GO

--
-- Inserting data into table dbo.cart
--
SET IDENTITY_INSERT dbo.cart ON
GO
INSERT dbo.cart(id, customer_id, deleted, delivery_fee, discount, district_id, province_id, sub_total, total, voucher_id, created_date, updated_date, address, code, district_name, email, payment, phone, province_name, recipient_name, status, type, ward_id, ward_name) VALUES (1, 1, 0, 0, 0, 1, 1, 0, 0, 1, '2022-08-18 22:07:01.9590000', '1987-02-20 03:19:14.0930000', N'1512 Red Woodland Parkway, Keith Building, Pierre, SD, 33570', 'NLBXQ', N'SD-RQ', N'rmfz953@example.com', 'TRANSFER', N'(274) 372-0995', N'Tomas2029', N'Trent226', 'SUCCESS', 'INSTORE', '31170', N'Gale949')
GO
SET IDENTITY_INSERT dbo.cart OFF
GO

--
-- Inserting data into table dbo.orders
--
SET IDENTITY_INSERT dbo.orders ON
GO
INSERT dbo.orders(id, customer_id, deleted, delivery_fee, discount, discount_voucher_percent, district_id, in_store, is_payment, province_id, staff_id, sub_total, total, total_paid, voucher_id, voucher_minimum_subtotal_required, created_date, updated_date, address, code, district_name, email, payment, phone, province_name, recipient_name, status, type, ward_id, ward_name) VALUES (1, 1, 0, 0, 0, 0, 2046, 1, 1, N'78062', 1, 0, 0, 0, 1, 0, '2024-11-11 02:02:07.0760000', '2024-05-19 01:08:33.9320000', N'Thôn 5', 'SVHVE', N'DE-DR', 'haanhhy01f@gmail.com', 'TRANSFER', '(263) 224-0877', N'Hưng Yên', N'Aretha165', 'PENDING', 'INSTORE', '220909', N'Xã Tân Quang')
GO
SET IDENTITY_INSERT dbo.orders OFF
GO

--
-- Inserting data into table dbo.address
--
SET IDENTITY_INSERT dbo.address ON
GO
INSERT dbo.address(id, customer_id, is_default, created_date, updated_date, detail, district, district_id, name, phone, province, province_id, ward, ward_id) VALUES (1, 1, 1, '1980-03-22 11:19:42.3190000', '1999-07-25 13:03:18.9120000', N'456 Lê Lợi, Quận 1, TP. Hồ Chí Minh', N'Huyện Phù Cừ', '2194', N'Conrad1997', '(459) 613-9467', N'Hưng Yên', '268', N'Xã Tống Phan', '220713')
GO
SET IDENTITY_INSERT dbo.address OFF
GO

--
-- Inserting data into table dbo.cart_detail
--
SET IDENTITY_INSERT dbo.cart_detail ON
GO
INSERT dbo.cart_detail(id, cart_id, product_detail_id, quantity, created_date, updated_date, code) VALUES (1, 1, 3, 62, '2008-08-14 15:08:35.3630000', '1973-03-12 16:52:12.5080000', 'EXONZ')
GO
SET IDENTITY_INSERT dbo.cart_detail OFF
GO

--
-- Inserting data into table dbo.event_product
--
INSERT dbo.event_product(event_id, product_id) VALUES (1, 1)
INSERT dbo.event_product(event_id, product_id) VALUES (1, 2)
INSERT dbo.event_product(event_id, product_id) VALUES (1, 3)
INSERT dbo.event_product(event_id, product_id) VALUES (1, 4)
INSERT dbo.event_product(event_id, product_id) VALUES (1, 5)
GO

--
-- Inserting data into table dbo.history
--
SET IDENTITY_INSERT dbo.history ON
GO
INSERT dbo.history(id, account_id, order_id, created_date, updated_date, note, status) VALUES (1, 1, 1, '1987-08-26 10:14:02.5200000', '2009-02-17 22:03:23.9420000', N'XH77Q336372WS9B7EEBEBT9182416', 'PENDING')
GO
SET IDENTITY_INSERT dbo.history OFF
GO

--
-- Inserting data into table dbo.order_detail
--
SET IDENTITY_INSERT dbo.order_detail ON
GO
INSERT dbo.order_detail(id, average_discount_event, deleted, order_id, product_detail_id, quantity, created_date, updated_date) VALUES (1, 13, 1, 1, 7, 37, '1994-08-19 22:44:58.0300000', '2016-02-12 10:34:19.0400000')
GO
SET IDENTITY_INSERT dbo.order_detail OFF
GO

--
-- Inserting data into table dbo.product_detail_image
--
INSERT dbo.product_detail_image(image_id, product_detail_id) VALUES (4, 4)
INSERT dbo.product_detail_image(image_id, product_detail_id) VALUES (8, 9)
INSERT dbo.product_detail_image(image_id, product_detail_id) VALUES (7, 8)
INSERT dbo.product_detail_image(image_id, product_detail_id) VALUES (4, 11)
INSERT dbo.product_detail_image(image_id, product_detail_id) VALUES (7, 5)
INSERT dbo.product_detail_image(image_id, product_detail_id) VALUES (3, 12)
INSERT dbo.product_detail_image(image_id, product_detail_id) VALUES (9, 3)
INSERT dbo.product_detail_image(image_id, product_detail_id) VALUES (2, 2)
INSERT dbo.product_detail_image(image_id, product_detail_id) VALUES (2, 5)
INSERT dbo.product_detail_image(image_id, product_detail_id) VALUES (8, 6)
INSERT dbo.product_detail_image(image_id, product_detail_id) VALUES (2, 9)
INSERT dbo.product_detail_image(image_id, product_detail_id) VALUES (5, 5)
INSERT dbo.product_detail_image(image_id, product_detail_id) VALUES (5, 9)
INSERT dbo.product_detail_image(image_id, product_detail_id) VALUES (7, 3)
INSERT dbo.product_detail_image(image_id, product_detail_id) VALUES (1, 4)
INSERT dbo.product_detail_image(image_id, product_detail_id) VALUES (3, 2)
INSERT dbo.product_detail_image(image_id, product_detail_id) VALUES (9, 5)
INSERT dbo.product_detail_image(image_id, product_detail_id) VALUES (6, 10)
INSERT dbo.product_detail_image(image_id, product_detail_id) VALUES (6, 3)
INSERT dbo.product_detail_image(image_id, product_detail_id) VALUES (8, 8)
INSERT dbo.product_detail_image(image_id, product_detail_id) VALUES (5, 9)
INSERT dbo.product_detail_image(image_id, product_detail_id) VALUES (9, 7)
INSERT dbo.product_detail_image(image_id, product_detail_id) VALUES (4, 8)
INSERT dbo.product_detail_image(image_id, product_detail_id) VALUES (6, 6)
INSERT dbo.product_detail_image(image_id, product_detail_id) VALUES (2, 7)
INSERT dbo.product_detail_image(image_id, product_detail_id) VALUES (9, 3)
INSERT dbo.product_detail_image(image_id, product_detail_id) VALUES (1, 5)
INSERT dbo.product_detail_image(image_id, product_detail_id) VALUES (3, 3)
INSERT dbo.product_detail_image(image_id, product_detail_id) VALUES (9, 5)
INSERT dbo.product_detail_image(image_id, product_detail_id) VALUES (3, 12)
INSERT dbo.product_detail_image(image_id, product_detail_id) VALUES (2, 8)
INSERT dbo.product_detail_image(image_id, product_detail_id) VALUES (4, 5)
INSERT dbo.product_detail_image(image_id, product_detail_id) VALUES (1, 5)
INSERT dbo.product_detail_image(image_id, product_detail_id) VALUES (9, 5)
INSERT dbo.product_detail_image(image_id, product_detail_id) VALUES (8, 11)
INSERT dbo.product_detail_image(image_id, product_detail_id) VALUES (1, 5)
INSERT dbo.product_detail_image(image_id, product_detail_id) VALUES (6, 9)
INSERT dbo.product_detail_image(image_id, product_detail_id) VALUES (1, 4)
INSERT dbo.product_detail_image(image_id, product_detail_id) VALUES (6, 8)
INSERT dbo.product_detail_image(image_id, product_detail_id) VALUES (6, 10)
INSERT dbo.product_detail_image(image_id, product_detail_id) VALUES (8, 2)
INSERT dbo.product_detail_image(image_id, product_detail_id) VALUES (3, 11)
INSERT dbo.product_detail_image(image_id, product_detail_id) VALUES (2, 10)
INSERT dbo.product_detail_image(image_id, product_detail_id) VALUES (5, 11)
INSERT dbo.product_detail_image(image_id, product_detail_id) VALUES (4, 3)
INSERT dbo.product_detail_image(image_id, product_detail_id) VALUES (1, 7)
INSERT dbo.product_detail_image(image_id, product_detail_id) VALUES (9, 4)
INSERT dbo.product_detail_image(image_id, product_detail_id) VALUES (1, 3)
INSERT dbo.product_detail_image(image_id, product_detail_id) VALUES (7, 6)
INSERT dbo.product_detail_image(image_id, product_detail_id) VALUES (7, 6)
GO

--
-- Inserting data into table dbo.tokens
--
SET IDENTITY_INSERT dbo.tokens ON
GO
INSERT dbo.tokens(id, account_id, expired, is_mobile, revoked, created_date, expiration_date, refresh_expiration_date, updated_date, token_type, refresh_token, token) VALUES (1, 1, 0, 1, 0, '2007-05-17 16:16:26.6120000', '1999-12-06 14:23:55.2050000', '1973-03-05 05:01:10.0200000', '2000-03-14 04:17:32.1610000', 'JGQE', 'CLUM', 'CCUJ')
GO
SET IDENTITY_INSERT dbo.tokens OFF
GO

--
-- Inserting data into table dbo.voucher_customer
--
INSERT dbo.voucher_customer(customer_id, voucher_id) VALUES (1, 1)
INSERT dbo.voucher_customer(customer_id, voucher_id) VALUES (1, 1)
INSERT dbo.voucher_customer(customer_id, voucher_id) VALUES (1, 1)
INSERT dbo.voucher_customer(customer_id, voucher_id) VALUES (1, 2)
INSERT dbo.voucher_customer(customer_id, voucher_id) VALUES (1, 2)
INSERT dbo.voucher_customer(customer_id, voucher_id) VALUES (1, 1)
INSERT dbo.voucher_customer(customer_id, voucher_id) VALUES (1, 2)
INSERT dbo.voucher_customer(customer_id, voucher_id) VALUES (1, 2)
INSERT dbo.voucher_customer(customer_id, voucher_id) VALUES (1, 1)
INSERT dbo.voucher_customer(customer_id, voucher_id) VALUES (1, 2)
INSERT dbo.voucher_customer(customer_id, voucher_id) VALUES (1, 2)
INSERT dbo.voucher_customer(customer_id, voucher_id) VALUES (1, 1)
INSERT dbo.voucher_customer(customer_id, voucher_id) VALUES (1, 2)
INSERT dbo.voucher_customer(customer_id, voucher_id) VALUES (1, 1)
INSERT dbo.voucher_customer(customer_id, voucher_id) VALUES (1, 2)
INSERT dbo.voucher_customer(customer_id, voucher_id) VALUES (1, 1)
INSERT dbo.voucher_customer(customer_id, voucher_id) VALUES (1, 1)
INSERT dbo.voucher_customer(customer_id, voucher_id) VALUES (1, 2)
INSERT dbo.voucher_customer(customer_id, voucher_id) VALUES (1, 1)
INSERT dbo.voucher_customer(customer_id, voucher_id) VALUES (1, 2)
INSERT dbo.voucher_customer(customer_id, voucher_id) VALUES (1, 1)
INSERT dbo.voucher_customer(customer_id, voucher_id) VALUES (1, 2)
INSERT dbo.voucher_customer(customer_id, voucher_id) VALUES (1, 1)
INSERT dbo.voucher_customer(customer_id, voucher_id) VALUES (1, 1)
INSERT dbo.voucher_customer(customer_id, voucher_id) VALUES (1, 1)
INSERT dbo.voucher_customer(customer_id, voucher_id) VALUES (1, 2)
INSERT dbo.voucher_customer(customer_id, voucher_id) VALUES (1, 2)
INSERT dbo.voucher_customer(customer_id, voucher_id) VALUES (1, 2)
INSERT dbo.voucher_customer(customer_id, voucher_id) VALUES (1, 2)
INSERT dbo.voucher_customer(customer_id, voucher_id) VALUES (1, 1)
INSERT dbo.voucher_customer(customer_id, voucher_id) VALUES (1, 2)
INSERT dbo.voucher_customer(customer_id, voucher_id) VALUES (1, 1)
INSERT dbo.voucher_customer(customer_id, voucher_id) VALUES (1, 2)
INSERT dbo.voucher_customer(customer_id, voucher_id) VALUES (1, 2)
INSERT dbo.voucher_customer(customer_id, voucher_id) VALUES (1, 2)
INSERT dbo.voucher_customer(customer_id, voucher_id) VALUES (1, 2)
INSERT dbo.voucher_customer(customer_id, voucher_id) VALUES (1, 2)
INSERT dbo.voucher_customer(customer_id, voucher_id) VALUES (1, 2)
INSERT dbo.voucher_customer(customer_id, voucher_id) VALUES (1, 1)
INSERT dbo.voucher_customer(customer_id, voucher_id) VALUES (1, 2)
INSERT dbo.voucher_customer(customer_id, voucher_id) VALUES (1, 1)
INSERT dbo.voucher_customer(customer_id, voucher_id) VALUES (1, 1)
INSERT dbo.voucher_customer(customer_id, voucher_id) VALUES (1, 1)
INSERT dbo.voucher_customer(customer_id, voucher_id) VALUES (1, 2)
INSERT dbo.voucher_customer(customer_id, voucher_id) VALUES (1, 1)
INSERT dbo.voucher_customer(customer_id, voucher_id) VALUES (1, 1)
INSERT dbo.voucher_customer(customer_id, voucher_id) VALUES (1, 1)
INSERT dbo.voucher_customer(customer_id, voucher_id) VALUES (1, 1)
INSERT dbo.voucher_customer(customer_id, voucher_id) VALUES (1, 1)
INSERT dbo.voucher_customer(customer_id, voucher_id) VALUES (1, 1)
GO

--
-- Set NOEXEC to off
--

SET NOEXEC OFF
GO